{"stats":{"minecraft:mined":{"minecraft:white_bed":2,"minecraft:deepslate_diamond_ore":2,"minecraft:cobblestone_stairs":2,"minecraft:grass_block":13,"biomesoplenty:white_petals":1,"minecraft:spruce_leaves":4,"minecraft:spawner":1,"minecraft:large_fern":1,"minecraft:furnace":11,"minecraft:iron_ore":14,"biomesoplenty:violet":1,"minecraft:stripped_spruce_log":4,"minecraft:deepslate_lapis_ore":8,"biomesoplenty:glowshroom_block":1,"minecraft:deepslate_iron_ore":18,"minecraft:iron_bars":2,"minecraft:stone":479,"biomesoplenty:glowing_moss_carpet":4,"minecraft:spruce_door":3,"minecraft:soul_lantern":9,"minecraft:oak_fence":5,"minecraft:crafting_table":10,"minecraft:torch":2,"minecraft:chest":7,"minecraft:potted_oxeye_daisy":1,"minecraft:cobblestone":38,"minecraft:deepslate_gold_ore":10,"minecraft:wall_torch":3,"minecraft:mud":2,"minecraft:spruce_log":54,"minecraft:waxed_copper_block":1,"minecraft:coal_ore":58,"minecraft:gravel":27,"minecraft:dirt":9,"minecraft:cobweb":20,"minecraft:deepslate":10},"minecraft:picked_up":{"minecraft:spruce_leaves":18,"minecraft:mud":2,"minecraft:crafting_table":12,"minecraft:flower_pot":1,"biomesoplenty:violet":1,"minecraft:string":30,"minecraft:raw_copper":6,"minecraft:cobbled_deepslate":10,"minecraft:spruce_planks":42,"minecraft:chest":7,"minecraft:furnace":11,"minecraft:raw_iron":32,"minecraft:stick":4,"minecraft:oak_fence":5,"minecraft:torch":7,"minecraft:porkchop":6,"minecraft:redstone":1,"minecraft:arrow":4,"minecraft:rotten_flesh":7,"biomesoplenty:white_petals":4,"minecraft:mutton":1,"minecraft:iron_bars":2,"minecraft:snowball":10,"minecraft:rail":3,"minecraft:cobblestone":505,"minecraft:oxeye_daisy":2,"minecraft:salmon":3,"minecraft:flint":2,"minecraft:waxed_copper_block":1,"minecraft:gunpowder":4,"minecraft:cobblestone_stairs":1,"minecraft:lapis_lazuli":59,"minecraft:dirt":36,"biomesoplenty:glowing_moss_carpet":7,"minecraft:cooked_mutton":4,"minecraft:bone":17,"minecraft:bow":1,"minecraft:raw_gold":10,"minecraft:glowstone_dust":1,"minecraft:sweet_berries":1,"minecraft:gravel":28,"minecraft:stripped_spruce_log":4,"minecraft:spruce_sapling":2,"minecraft:white_bed":2,"minecraft:spruce_log":53,"minecraft:spider_eye":2,"minecraft:spruce_door":3,"minecraft:bundle":1,"minecraft:diamond":2,"minecraft:stone_axe":1,"minecraft:soul_lantern":9,"minecraft:coal":93},"minecraft:dropped":{"minecraft:diamond":1,"minecraft:crafting_table":2,"minecraft:cooked_porkchop":3,"minecraft:iron_helmet":1,"biomesoplenty:violet":1,"minecraft:torch":4,"minecraft:stone_axe":2,"minecraft:cobbled_deepslate":10,"minecraft:stone_sword":1,"minecraft:cooked_mutton":7,"biomesoplenty:white_petals":4,"minecraft:iron_chestplate":1,"minecraft:stone_pickaxe":1},"minecraft:custom":{"minecraft:mob_kills":35,"minecraft:interact_with_crafting_table":21,"goblintraders:trade_with_goblin":14,"minecraft:interact_with_campfire":1,"minecraft:leave_game":11,"minecraft:time_since_death":7496,"minecraft:climb_one_cm":316,"minecraft:sprint_one_cm":216810,"minecraft:walk_one_cm":346462,"minecraft:drop":26,"minecraft:play_time":116656,"minecraft:deaths":8,"minecraft:sneak_time":3182,"minecraft:walk_under_water_one_cm":7148,"minecraft:jump":1165,"minecraft:walk_on_water_one_cm":18455,"minecraft:total_world_time":116656,"minecraft:interact_with_furnace":33,"minecraft:sleep_in_bed":1,"minecraft:time_since_rest":7544,"minecraft:damage_taken":3325,"minecraft:damage_dealt":6118,"minecraft:fly_one_cm":167005,"minecraft:swim_one_cm":20510,"minecraft:open_chest":13,"minecraft:crouch_one_cm":7149,"minecraft:fall_one_cm":16195},"minecraft:crafted":{"minecraft:wooden_sword":2,"minecraft:furnace":1,"minecraft:cooked_mutton":8,"minecraft:iron_boots":1,"minecraft:stone_pickaxe":5,"minecraft:chest":2,"minecraft:cooked_porkchop":6,"minecraft:spruce_sign":3,"minecraft:crafting_table":1,"minecraft:spruce_planks":172,"minecraft:wooden_pickaxe":1,"minecraft:iron_helmet":1,"minecraft:spruce_door":6,"minecraft:cooked_salmon":3,"minecraft:stone_axe":2,"minecraft:air":0,"minecraft:spruce_trapdoor":2,"minecraft:iron_chestplate":1,"minecraft:stick":24,"minecraft:iron_ingot":28,"minecraft:iron_pickaxe":1,"minecraft:stone_sword":3,"minecraft:gold_ingot":10,"minecraft:iron_leggings":1,"minecraft:torch":20},"minecraft:killed_by":{"minecraft:creeper":2,"minecraft:pillager":2,"minecraft:skeleton":2,"minecraft:zombie":1},"minecraft:used":{"minecraft:oak_fence":4,"minecraft:stone_sword":146,"minecraft:chest":5,"minecraft:cooked_salmon":3,"minecraft:rotten_flesh":10,"minecraft:torch":8,"minecraft:dirt":29,"minecraft:snowball":10,"minecraft:sweet_berries":12,"minecraft:furnace":9,"minecraft:cooked_mutton":5,"minecraft:iron_ore":11,"minecraft:cobblestone_stairs":1,"minecraft:spruce_door":6,"minecraft:stone_pickaxe":527,"minecraft:wooden_pickaxe":12,"minecraft:spruce_sign":1,"minecraft:crafting_table":10,"minecraft:white_bed":2,"minecraft:spruce_log":15,"minecraft:iron_pickaxe":132,"minecraft:spruce_trapdoor":2,"minecraft:spruce_sapling":1,"minecraft:gravel":1,"biomesoplenty:glowing_moss_carpet":2,"minecraft:soul_lantern":7,"minecraft:stone_axe":72,"minecraft:wooden_sword":11,"minecraft:cobblestone":133,"minecraft:cooked_porkchop":3},"minecraft:killed":{"minecraft:witch":2,"minecraft:vindicator":1,"minecraft:spider":11,"minecraft:skeleton":6,"minecraft:pig":2,"minecraft:creeper":4,"minecraft:pillager":3,"minecraft:zombie":6},"minecraft:broken":{"minecraft:stone_sword":1,"minecraft:stone_pickaxe":4}},"DataVersion":3700}