{"stats":{"minecraft:killed_by":{"minecraft:creeper":2,"minecraft:pillager":2,"minecraft:cave_spider":3,"minecraft:skeleton":3,"minecraft:zombie":2},"minecraft:picked_up":{"minecraft:spruce_leaves":18,"minecraft:mud":2,"minecraft:crafting_table":12,"minecraft:flower_pot":1,"biomesoplenty:violet":1,"minecraft:string":45,"minecraft:raw_copper":6,"minecraft:cobbled_deepslate":12,"minecraft:spruce_planks":42,"minecraft:chest":7,"minecraft:furnace":11,"minecraft:stick":4,"minecraft:raw_iron":40,"minecraft:oak_fence":5,"minecraft:torch":12,"minecraft:porkchop":6,"minecraft:redstone":1,"minecraft:arrow":4,"minecraft:rotten_flesh":9,"biomesoplenty:white_petals":4,"minecraft:mutton":1,"minecraft:iron_bars":2,"minecraft:snowball":10,"minecraft:rail":3,"minecraft:cobblestone":506,"minecraft:oxeye_daisy":2,"minecraft:salmon":3,"biomesoplenty:glowshroom":2,"minecraft:flint":2,"minecraft:waxed_copper_block":1,"minecraft:gunpowder":4,"minecraft:cobblestone_stairs":1,"minecraft:lapis_lazuli":59,"minecraft:dirt":36,"biomesoplenty:glowing_moss_carpet":13,"minecraft:cooked_mutton":4,"minecraft:bone":19,"minecraft:bow":1,"minecraft:raw_gold":14,"minecraft:glowstone_dust":1,"minecraft:sweet_berries":1,"minecraft:gravel":40,"minecraft:stripped_spruce_log":4,"minecraft:spruce_sapling":2,"minecraft:white_bed":2,"minecraft:spruce_log":53,"minecraft:spruce_door":3,"biomesoplenty:glowing_moss_block":13,"minecraft:spider_eye":5,"minecraft:bundle":1,"minecraft:diamond":3,"minecraft:stone_axe":1,"minecraft:soul_lantern":9,"minecraft:coal":93},"minecraft:killed":{"minecraft:cave_spider":7,"minecraft:witch":2,"minecraft:vindicator":1,"minecraft:spider":11,"minecraft:skeleton":7,"minecraft:pig":2,"minecraft:creeper":4,"minecraft:pillager":3,"minecraft:zombie":8},"minecraft:crafted":{"minecraft:wooden_sword":2,"minecraft:stone_shovel":1,"minecraft:furnace":1,"minecraft:cooked_mutton":8,"minecraft:iron_boots":1,"minecraft:stone_pickaxe":5,"minecraft:chest":2,"minecraft:spruce_sign":3,"minecraft:cooked_porkchop":6,"minecraft:crafting_table":1,"minecraft:spruce_planks":172,"minecraft:wooden_pickaxe":1,"minecraft:iron_helmet":2,"minecraft:spruce_door":6,"minecraft:cooked_salmon":3,"minecraft:stone_axe":2,"minecraft:air":0,"minecraft:spruce_trapdoor":2,"minecraft:iron_chestplate":2,"minecraft:stick":28,"minecraft:iron_ingot":54,"minecraft:iron_pickaxe":1,"minecraft:stone_sword":3,"minecraft:gold_ingot":10,"minecraft:iron_leggings":1,"minecraft:torch":20},"minecraft:used":{"minecraft:oak_fence":4,"minecraft:stone_sword":179,"minecraft:stone_shovel":7,"biomesoplenty:glowing_moss_block":13,"minecraft:chest":5,"biomesoplenty:glowshroom":2,"minecraft:cooked_salmon":3,"minecraft:rotten_flesh":12,"minecraft:torch":18,"minecraft:dirt":29,"minecraft:snowball":10,"minecraft:sweet_berries":12,"minecraft:furnace":9,"minecraft:cooked_mutton":5,"minecraft:iron_ore":11,"minecraft:cobblestone_stairs":1,"minecraft:spruce_door":6,"minecraft:stone_pickaxe":527,"minecraft:wooden_pickaxe":12,"minecraft:spruce_sign":1,"minecraft:crafting_table":10,"minecraft:white_bed":2,"minecraft:spruce_log":15,"minecraft:iron_pickaxe":150,"minecraft:spruce_trapdoor":2,"minecraft:spruce_sapling":1,"minecraft:gravel":4,"biomesoplenty:glowing_moss_carpet":8,"minecraft:soul_lantern":7,"minecraft:stone_axe":78,"minecraft:wooden_sword":11,"minecraft:cobblestone":133,"minecraft:cooked_porkchop":3},"minecraft:dropped":{"minecraft:diamond":1,"minecraft:crafting_table":2,"minecraft:cooked_porkchop":3,"minecraft:iron_helmet":1,"biomesoplenty:violet":1,"minecraft:torch":4,"minecraft:stone_axe":2,"minecraft:stone_sword":1,"minecraft:cobbled_deepslate":10,"minecraft:cooked_mutton":7,"biomesoplenty:white_petals":4,"minecraft:iron_chestplate":1,"minecraft:stone_pickaxe":1},"minecraft:custom":{"minecraft:mob_kills":45,"minecraft:interact_with_crafting_table":28,"goblintraders:trade_with_goblin":14,"minecraft:interact_with_campfire":1,"minecraft:leave_game":14,"minecraft:time_since_death":31,"minecraft:climb_one_cm":316,"minecraft:sprint_one_cm":235823,"minecraft:walk_one_cm":384438,"minecraft:drop":26,"minecraft:play_time":129825,"minecraft:deaths":13,"minecraft:sneak_time":3788,"minecraft:walk_under_water_one_cm":7148,"minecraft:jump":1438,"minecraft:walk_on_water_one_cm":18455,"minecraft:total_world_time":129825,"minecraft:interact_with_furnace":39,"minecraft:sleep_in_bed":1,"minecraft:time_since_rest":63,"minecraft:damage_taken":4555,"minecraft:damage_dealt":7540,"minecraft:fly_one_cm":200508,"minecraft:swim_one_cm":20510,"minecraft:open_chest":18,"minecraft:crouch_one_cm":8259,"minecraft:fall_one_cm":22501},"minecraft:broken":{"minecraft:stone_sword":1,"minecraft:stone_pickaxe":4},"minecraft:mined":{"biomesoplenty:glowing_moss_block":13,"biomesoplenty:glowshroom":1,"minecraft:white_bed":2,"minecraft:deepslate_diamond_ore":3,"minecraft:cobblestone_stairs":2,"minecraft:grass_block":13,"biomesoplenty:white_petals":1,"minecraft:spruce_leaves":4,"minecraft:spawner":2,"minecraft:large_fern":1,"minecraft:furnace":11,"minecraft:iron_ore":14,"biomesoplenty:violet":1,"minecraft:stripped_spruce_log":4,"minecraft:deepslate_lapis_ore":8,"biomesoplenty:glowshroom_block":1,"minecraft:deepslate_iron_ore":26,"minecraft:iron_bars":2,"minecraft:stone":480,"biomesoplenty:glowing_moss_carpet":9,"minecraft:spruce_door":3,"minecraft:soul_lantern":9,"minecraft:oak_fence":5,"minecraft:crafting_table":10,"minecraft:torch":5,"minecraft:chest":7,"minecraft:potted_oxeye_daisy":1,"minecraft:cobblestone":38,"minecraft:deepslate_gold_ore":14,"minecraft:wall_torch":5,"minecraft:mud":2,"minecraft:spruce_log":54,"minecraft:waxed_copper_block":1,"minecraft:coal_ore":58,"minecraft:gravel":34,"minecraft:dirt":9,"minecraft:cobweb":27,"minecraft:deepslate":12}},"DataVersion":3700}