{"stats":{"minecraft:killed_by":{"minecraft:creeper":2,"minecraft:pillager":2,"minecraft:cave_spider":3,"minecraft:skeleton":3,"minecraft:zombie":3},"minecraft:picked_up":{"minecraft:spruce_leaves":18,"minecraft:mud":2,"minecraft:crafting_table":14,"minecraft:flower_pot":1,"biomesoplenty:violet":2,"minecraft:string":85,"minecraft:raw_copper":6,"minecraft:cobbled_deepslate":12,"minecraft:spruce_planks":42,"minecraft:sugar_cane":16,"minecraft:chest":7,"minecraft:furnace":11,"minecraft:stick":8,"minecraft:raw_iron":53,"minecraft:oak_fence":5,"minecraft:torch":26,"minecraft:porkchop":6,"minecraft:redstone":1,"minecraft:arrow":10,"minecraft:rotten_flesh":17,"biomesoplenty:white_petals":9,"minecraft:mutton":3,"minecraft:iron_bars":2,"minecraft:rail":3,"minecraft:snowball":10,"minecraft:white_wool":1,"minecraft:cobblestone":546,"minecraft:oxeye_daisy":2,"minecraft:salmon":3,"biomesoplenty:glowshroom":4,"minecraft:flint":3,"minecraft:waxed_copper_block":1,"minecraft:gunpowder":4,"minecraft:cobblestone_stairs":1,"minecraft:lapis_lazuli":59,"minecraft:dirt":53,"biomesoplenty:glowing_moss_carpet":13,"minecraft:cooked_mutton":4,"minecraft:bone":24,"minecraft:bow":3,"minecraft:wheat_seeds":1,"minecraft:raw_gold":14,"biomesoplenty:maple_log":11,"minecraft:iron_ingot":1,"minecraft:glowstone_dust":1,"duckling:duck_egg":1,"minecraft:pumpkin":11,"minecraft:sweet_berries":1,"minecraft:dandelion":2,"minecraft:gravel":47,"minecraft:sand":22,"minecraft:stripped_spruce_log":4,"minecraft:spruce_sapling":2,"minecraft:white_bed":2,"minecraft:spruce_log":53,"minecraft:gold_ore":9,"minecraft:spruce_door":3,"biomesoplenty:glowing_moss_block":13,"minecraft:spider_eye":5,"minecraft:bundle":2,"minecraft:diamond":3,"minecraft:soul_lantern":9,"minecraft:stone_axe":1,"minecraft:coal":93},"minecraft:killed":{"minecraft:cave_spider":8,"minecraft:witch":2,"minecraft:spider":12,"minecraft:vindicator":1,"minecraft:skeleton":9,"minecraft:pig":2,"minecraft:creeper":4,"minecraft:sheep":1,"minecraft:pillager":3,"minecraft:zombie":13},"minecraft:crafted":{"minecraft:wooden_sword":2,"minecraft:stone_shovel":1,"minecraft:furnace":1,"minecraft:cooked_mutton":8,"minecraft:iron_boots":2,"minecraft:stone_pickaxe":5,"minecraft:chest":2,"minecraft:spruce_sign":3,"minecraft:cooked_porkchop":6,"minecraft:crafting_table":1,"minecraft:spruce_planks":172,"minecraft:wooden_pickaxe":1,"minecraft:iron_helmet":2,"minecraft:iron_sword":1,"minecraft:spruce_door":6,"minecraft:cooked_salmon":3,"minecraft:bucket":1,"minecraft:stone_axe":3,"minecraft:air":0,"minecraft:spruce_trapdoor":2,"minecraft:iron_chestplate":2,"minecraft:purple_dye":1,"minecraft:shield":1,"minecraft:stick":32,"minecraft:iron_ingot":67,"minecraft:iron_pickaxe":1,"minecraft:stone_sword":3,"minecraft:iron_leggings":2,"minecraft:gold_ingot":10,"minecraft:torch":20},"minecraft:used":{"minecraft:oak_fence":4,"minecraft:stone_sword":213,"minecraft:stone_shovel":46,"biomesoplenty:glowing_moss_block":13,"minecraft:chest":5,"biomesoplenty:glowshroom":4,"minecraft:iron_sword":9,"minecraft:cooked_salmon":3,"minecraft:rotten_flesh":18,"minecraft:torch":29,"minecraft:dirt":31,"minecraft:snowball":10,"biomesoplenty:white_petals":5,"minecraft:sweet_berries":12,"minecraft:furnace":9,"minecraft:cobbled_deepslate":1,"minecraft:cooked_mutton":5,"minecraft:iron_ore":11,"minecraft:cobblestone_stairs":1,"minecraft:spruce_door":6,"minecraft:bundle":1,"minecraft:stone_pickaxe":527,"minecraft:wooden_pickaxe":12,"minecraft:spruce_sign":1,"minecraft:sand":1,"minecraft:crafting_table":12,"minecraft:white_bed":2,"minecraft:spruce_log":15,"minecraft:iron_pickaxe":210,"minecraft:spruce_trapdoor":2,"adorn:guide_book":1,"minecraft:spruce_sapling":1,"minecraft:gravel":5,"biomesoplenty:glowing_moss_carpet":8,"minecraft:soul_lantern":7,"minecraft:stone_axe":130,"minecraft:wooden_sword":11,"minecraft:cobblestone":138,"minecraft:cooked_porkchop":3},"minecraft:dropped":{"minecraft:gold_ore":9,"minecraft:diamond":1,"minecraft:crafting_table":2,"minecraft:cooked_porkchop":3,"minecraft:iron_helmet":1,"biomesoplenty:violet":1,"minecraft:torch":4,"minecraft:stone_axe":2,"minecraft:stone_sword":1,"minecraft:cobbled_deepslate":10,"minecraft:cooked_mutton":7,"biomesoplenty:white_petals":4,"minecraft:iron_chestplate":1,"minecraft:stone_pickaxe":1},"minecraft:custom":{"minecraft:mob_kills":64,"minecraft:interact_with_crafting_table":34,"goblintraders:trade_with_goblin":14,"minecraft:interact_with_campfire":1,"minecraft:leave_game":19,"minecraft:time_since_death":29079,"minecraft:climb_one_cm":316,"minecraft:sprint_one_cm":319458,"minecraft:walk_one_cm":588255,"minecraft:drop":27,"minecraft:play_time":174302,"minecraft:deaths":14,"minecraft:sneak_time":4031,"minecraft:walk_under_water_one_cm":14724,"minecraft:jump":2146,"minecraft:walk_on_water_one_cm":26029,"minecraft:total_world_time":174302,"minecraft:interact_with_furnace":44,"minecraft:sleep_in_bed":3,"minecraft:time_since_rest":7582,"minecraft:damage_taken":5018,"minecraft:damage_dealt":9799,"minecraft:swim_one_cm":26958,"minecraft:fly_one_cm":302306,"minecraft:open_chest":25,"minecraft:crouch_one_cm":8475,"minecraft:fall_one_cm":26971},"minecraft:broken":{"minecraft:stone_sword":2,"minecraft:stone_pickaxe":4,"minecraft:stone_axe":1},"minecraft:mined":{"biomesoplenty:glowing_moss_block":13,"biomesoplenty:glowshroom":2,"minecraft:white_bed":2,"minecraft:deepslate_diamond_ore":3,"minecraft:cobblestone_stairs":2,"minecraft:grass_block":16,"biomesoplenty:white_petals":1,"minecraft:spruce_leaves":4,"minecraft:spawner":2,"minecraft:large_fern":1,"minecraft:furnace":11,"minecraft:iron_ore":27,"biomesoplenty:violet":2,"minecraft:stripped_spruce_log":4,"minecraft:pumpkin":11,"minecraft:deepslate_lapis_ore":8,"biomesoplenty:glowshroom_block":1,"minecraft:deepslate_iron_ore":26,"minecraft:iron_bars":2,"minecraft:stone":520,"biomesoplenty:maple_log":11,"biomesoplenty:glowing_moss_carpet":9,"minecraft:spruce_door":3,"minecraft:dandelion":1,"minecraft:soul_lantern":9,"minecraft:oak_fence":5,"minecraft:crafting_table":12,"minecraft:torch":11,"minecraft:short_grass":4,"minecraft:chest":7,"minecraft:dead_bush":3,"minecraft:potted_oxeye_daisy":1,"minecraft:cobblestone":38,"minecraft:deepslate_gold_ore":14,"minecraft:sugar_cane":6,"minecraft:wall_torch":9,"minecraft:mud":2,"minecraft:ice":3,"minecraft:spruce_log":54,"minecraft:waxed_copper_block":1,"minecraft:coal_ore":58,"minecraft:gravel":42,"minecraft:sand":17,"minecraft:dirt":23,"minecraft:cobweb":56,"minecraft:deepslate":12}},"DataVersion":3700}