{"stats":{"minecraft:broken":{"minecraft:stone_pickaxe":1},"minecraft:used":{"minecraft:cherry_boat":1,"minecraft:cooked_mutton":4,"minecraft:stone_sword":66,"minecraft:stone_pickaxe":201,"minecraft:torch":26,"minecraft:rail":3,"minecraft:crafting_table":3,"minecraft:white_bed":1,"minecraft:bread":7,"adorn:guide_book":1,"minecraft:stone_axe":45,"minecraft:cobblestone":18,"minecraft:sweet_berries":8,"minecraft:cooked_porkchop":6},"minecraft:custom":{"minecraft:interact_with_furnace":2,"minecraft:mob_kills":15,"minecraft:interact_with_crafting_table":4,"goblintraders:trade_with_goblin":2,"minecraft:leave_game":4,"minecraft:time_since_death":1156,"minecraft:sleep_in_bed":2,"minecraft:climb_one_cm":4676,"minecraft:time_since_rest":877,"minecraft:sprint_one_cm":240886,"minecraft:damage_taken":2481,"minecraft:walk_one_cm":313674,"minecraft:drop":4,"minecraft:damage_dealt":2689,"minecraft:swim_one_cm":1458,"minecraft:fly_one_cm":118314,"minecraft:open_chest":9,"minecraft:crouch_one_cm":766,"minecraft:play_time":112829,"minecraft:sneak_time":493,"minecraft:deaths":5,"minecraft:walk_under_water_one_cm":7033,"minecraft:boat_one_cm":37322,"minecraft:interact_with_brewingstand":1,"minecraft:jump":1052,"minecraft:walk_on_water_one_cm":23190,"minecraft:total_world_time":112829,"minecraft:fall_one_cm":13574},"minecraft:killed_by":{"minecraft:zombie":5},"minecraft:killed":{"minecraft:spider":2,"minecraft:sheep":5,"minecraft:skeleton":1,"minecraft:zombie":5},"minecraft:mined":{"biomesoplenty:maple_log":2,"minecraft:light_gray_carpet":3,"minecraft:spruce_planks":4,"minecraft:cherry_log":11,"minecraft:crafting_table":1,"minecraft:torch":1,"minecraft:grass_block":3,"biomesoplenty:white_petals":5,"minecraft:mushroom_stem":2,"minecraft:copper_ore":2,"minecraft:cobblestone":8,"minecraft:grindstone":1,"minecraft:wall_torch":6,"minecraft:waxed_weathered_copper":1,"minecraft:large_fern":3,"minecraft:spruce_stairs":2,"minecraft:iron_ore":31,"minecraft:white_carpet":3,"biomesoplenty:violet":1,"minecraft:spruce_log":9,"minecraft:coal_ore":48,"minecraft:deepslate_iron_ore":7,"biomesoplenty:fir_leaves":1,"minecraft:iron_bars":2,"minecraft:gravel":1,"minecraft:dirt":4,"minecraft:cobweb":2,"minecraft:smooth_basalt":2,"minecraft:stone_bricks":3,"minecraft:stone":91,"minecraft:chipped_anvil":1},"minecraft:dropped":{"minecraft:sweet_berries":8,"minecraft:crafting_table":2,"minecraft:mutton":8},"minecraft:picked_up":{"minecraft:iron_chestplate":1,"minecraft:crafting_table":3,"biomesoplenty:violet":2,"minecraft:gunpowder":4,"minecraft:dirt":24,"minecraft:string":7,"minecraft:cooked_mutton":4,"minecraft:white_carpet":3,"minecraft:bone":1,"minecraft:chipped_anvil":1,"minecraft:stone_bricks":1,"minecraft:wheat_seeds":5,"minecraft:waxed_weathered_copper":1,"minecraft:spruce_planks":4,"biomesoplenty:maple_log":2,"minecraft:stone_pickaxe":1,"minecraft:grindstone":1,"minecraft:raw_iron":38,"minecraft:smooth_basalt":2,"minecraft:cooked_porkchop":3,"minecraft:sweet_berries":8,"minecraft:oak_fence":1,"minecraft:torch":9,"minecraft:spruce_stairs":2,"minecraft:gravel":1,"minecraft:cherry_log":11,"minecraft:spruce_log":11,"minecraft:spider_eye":1,"minecraft:stone_sword":1,"minecraft:rotten_flesh":5,"minecraft:arrow":1,"minecraft:diamond":1,"minecraft:stone_axe":1,"minecraft:iron_helmet":1,"minecraft:emerald":1,"biomesoplenty:white_petals":81,"minecraft:light_gray_carpet":3,"minecraft:mutton":16,"minecraft:white_wool":5,"minecraft:iron_bars":2,"minecraft:coal":46,"minecraft:snowball":17,"minecraft:rail":3,"minecraft:cobblestone":106},"minecraft:crafted":{"minecraft:cherry_planks":44,"minecraft:emerald":2,"minecraft:crafting_table":3,"minecraft:spruce_planks":44,"biomesoplenty:maple_planks":8,"minecraft:cherry_boat":1,"minecraft:air":0,"minecraft:stick":4,"minecraft:stone_pickaxe":2,"minecraft:white_bed":1,"minecraft:torch":32}},"DataVersion":3700}