{"stats":{"minecraft:broken":{"minecraft:stone_pickaxe":1},"minecraft:picked_up":{"minecraft:iron_chestplate":1,"minecraft:crafting_table":3,"biomesoplenty:violet":1,"minecraft:gunpowder":4,"minecraft:dirt":23,"minecraft:string":7,"minecraft:cooked_mutton":4,"minecraft:bone":1,"minecraft:chipped_anvil":1,"minecraft:wheat_seeds":2,"minecraft:waxed_weathered_copper":1,"minecraft:spruce_planks":4,"biomesoplenty:maple_log":2,"minecraft:stone_pickaxe":1,"minecraft:grindstone":1,"minecraft:raw_iron":20,"minecraft:smooth_basalt":2,"minecraft:cooked_porkchop":3,"minecraft:sweet_berries":8,"minecraft:oak_fence":1,"minecraft:torch":8,"minecraft:spruce_stairs":2,"minecraft:cherry_log":9,"minecraft:spruce_log":11,"minecraft:spider_eye":1,"minecraft:stone_sword":1,"minecraft:arrow":1,"minecraft:stone_axe":1,"minecraft:iron_helmet":1,"minecraft:emerald":1,"biomesoplenty:white_petals":19,"minecraft:rail":3,"minecraft:mutton":16,"minecraft:iron_bars":2,"minecraft:coal":44,"minecraft:snowball":17,"minecraft:white_wool":5,"minecraft:cobblestone":105},"minecraft:killed_by":{"minecraft:zombie":2},"minecraft:mined":{"biomesoplenty:maple_log":2,"minecraft:spruce_planks":4,"minecraft:cherry_log":9,"minecraft:crafting_table":1,"minecraft:grass_block":2,"biomesoplenty:white_petals":5,"minecraft:copper_ore":2,"minecraft:cobblestone":8,"minecraft:grindstone":1,"minecraft:wall_torch":6,"minecraft:waxed_weathered_copper":1,"minecraft:large_fern":3,"minecraft:spruce_stairs":2,"minecraft:iron_ore":20,"minecraft:spruce_log":9,"minecraft:coal_ore":46,"minecraft:iron_bars":2,"minecraft:dirt":4,"minecraft:cobweb":2,"minecraft:smooth_basalt":2,"minecraft:stone":90,"minecraft:chipped_anvil":1},"minecraft:killed":{"minecraft:spider":2,"minecraft:sheep":5,"minecraft:skeleton":1,"minecraft:zombie":1},"minecraft:custom":{"minecraft:interact_with_furnace":1,"minecraft:mob_kills":11,"minecraft:interact_with_crafting_table":3,"goblintraders:trade_with_goblin":2,"minecraft:leave_game":1,"minecraft:time_since_death":59022,"minecraft:climb_one_cm":489,"minecraft:time_since_rest":59072,"minecraft:sprint_one_cm":175632,"minecraft:damage_taken":1403,"minecraft:walk_one_cm":225212,"minecraft:drop":4,"minecraft:damage_dealt":1979,"minecraft:swim_one_cm":1458,"minecraft:fly_one_cm":57440,"minecraft:open_chest":7,"minecraft:crouch_one_cm":589,"minecraft:play_time":75219,"minecraft:deaths":2,"minecraft:sneak_time":454,"minecraft:walk_under_water_one_cm":6484,"minecraft:jump":593,"minecraft:walk_on_water_one_cm":15089,"minecraft:total_world_time":75219,"minecraft:fall_one_cm":8653},"minecraft:crafted":{"minecraft:emerald":2,"minecraft:crafting_table":2,"minecraft:spruce_planks":44,"biomesoplenty:maple_planks":8,"minecraft:air":0,"minecraft:stick":4,"minecraft:stone_pickaxe":2,"minecraft:white_bed":1,"minecraft:torch":32},"minecraft:dropped":{"minecraft:sweet_berries":8,"minecraft:crafting_table":2,"minecraft:mutton":8},"minecraft:used":{"minecraft:stone_sword":42,"minecraft:stone_pickaxe":173,"minecraft:torch":17,"minecraft:crafting_table":2,"minecraft:white_bed":1,"minecraft:bread":7,"adorn:guide_book":1,"minecraft:stone_axe":43,"minecraft:cobblestone":18,"minecraft:cooked_porkchop":6}},"DataVersion":3700}